Temperature, Magnetization, Energies
10.000000,0.744207,-249.143463
20.000000,0.745351,-249.735809
30.000000,0.744237,-249.193466
40.000000,0.745138,-248.225769
50.000000,0.746801,-250.461472
60.000000,0.746298,-253.971985
70.000000,0.747125,-251.581589
80.000000,0.745031,-249.086761
