Temprature,Manetization
200.000000,1.399906
210.000000,1.396959
220.000000,1.388945
230.000000,1.385051
